{"cameraMode":{"drawMode":0,"name":"Shaded","section":"Shading Mode"},"sceneLighting":false,"audioPlay":false,"sceneViewState":{"m_AlwaysRefresh":false,"showFog":true,"showSkybox":false,"showFlares":true,"showImageEffects":true,"showParticleSystems":true,"showVisualEffectGraphs":true,"m_FxEnabled":true},"in2DMode":false,"pivot":{"x":-0.3462428152561188,"y":0.5567736029624939,"z":0.16335126757621766},"rotation":{"x":0.008492277935147286,"y":0.7055826783180237,"z":0.008478295989334584,"w":-0.7085550427436829},"size":1.0649471282958985,"orthographic":true}