{"cameraMode":{"drawMode":0,"name":"Shaded","section":"Shading Mode"},"sceneLighting":false,"audioPlay":false,"sceneViewState":{"m_AlwaysRefresh":false,"showFog":true,"showSkybox":false,"showFlares":true,"showImageEffects":true,"showParticleSystems":true,"showVisualEffectGraphs":true,"m_FxEnabled":true},"in2DMode":false,"pivot":{"x":0.31506121158599856,"y":0.41361305117607119,"z":-0.18595924973487855},"rotation":{"x":0.03254951164126396,"y":0.703651487827301,"z":-0.03233999386429787,"w":0.7091656923294067},"size":0.745781421661377,"orthographic":false}